Residue_Number,Residue_Name,Window,Hydropathy_Cutoff,Minimum_Blob_Length,blob_length,Normalized_Mean_Blob_Hydropathy,Min_Blob_Hydropathy,Blob_Type,Blob_Index_Number,Blob_Das-Pappu_Class,Blob_NCPR,Fraction_of_Positively_Charged_Residues,Fraction_of_Negatively_Charged_Residues,Fraction_of_Charged_Residues,Uversky_Diagram_Score,dSNP_enrichment,Blob_Disorder,Normalized_Kyte-Doolittle_hydropathy,Kyte-Doolittle_hydropathy
1,V,3,0.4,4,4,0.6027777777777777,0.1111111111111111,h,h1,2,-0.25,0.0,0.25,0.25,-0.0941272250062837,0.43,0.0,0.9666666666666666,4.199999999999999
2,L,3,0.4,4,4,0.6027777777777777,0.1111111111111111,h,h1,2,-0.25,0.0,0.25,0.25,-0.0941272250062837,0.43,0.0,0.9222222222222223,3.8000000000000007
3,S,3,0.4,4,4,0.6027777777777777,0.1111111111111111,h,h1,2,-0.25,0.0,0.25,0.25,-0.0941272250062837,0.43,0.0,0.41111111111111115,-0.7999999999999998
4,E,3,0.4,4,4,0.6027777777777777,0.1111111111111111,h,h1,2,-0.25,0.0,0.25,0.25,-0.0941272250062837,0.43,0.0,0.1111111111111111,-3.5
5,G,3,0.4,4,4,0.26944444444444443,0.1111111111111111,p,p1,2,-0.25,0.0,0.25,0.25,0.21959514589483262,0.0,0.0,0.4555555555555555,-0.40000000000000036
6,E,3,0.4,4,4,0.26944444444444443,0.1111111111111111,p,p1,2,-0.25,0.0,0.25,0.25,0.21959514589483262,0.0,0.0,0.1111111111111111,-3.5
7,W,3,0.4,4,4,0.26944444444444443,0.1111111111111111,p,p1,2,-0.25,0.0,0.25,0.25,0.21959514589483262,0.0,0.0,0.4,-0.8999999999999999
8,Q,3,0.4,4,4,0.26944444444444443,0.1111111111111111,p,p1,2,-0.25,0.0,0.25,0.25,0.21959514589483262,0.0,0.0,0.1111111111111111,-3.5
9,L,3,0.4,4,7,0.7174603174603175,0.14444444444444443,h,h2,1,0.0,0.0,0.0,0.0,-0.28654803791687206,0.8,0.0,0.9222222222222223,3.8000000000000007
10,V,3,0.4,4,7,0.7174603174603175,0.14444444444444443,h,h2,1,0.0,0.0,0.0,0.0,-0.28654803791687206,0.8,0.0,0.9666666666666666,4.199999999999999
11,L,3,0.4,4,7,0.7174603174603175,0.14444444444444443,h,h2,1,0.0,0.0,0.0,0.0,-0.28654803791687206,0.8,0.0,0.9222222222222223,3.8000000000000007
12,H,3,0.4,4,7,0.7174603174603175,0.14444444444444443,h,h2,1,0.0,0.0,0.0,0.0,-0.28654803791687206,0.8,0.0,0.14444444444444443,-3.2
13,V,3,0.4,4,7,0.7174603174603175,0.14444444444444443,h,h2,1,0.0,0.0,0.0,0.0,-0.28654803791687206,0.8,0.0,0.9666666666666666,4.199999999999999
14,W,3,0.4,4,7,0.7174603174603175,0.14444444444444443,h,h2,1,0.0,0.0,0.0,0.0,-0.28654803791687206,0.8,0.0,0.4,-0.8999999999999999
15,A,3,0.4,4,7,0.7174603174603175,0.14444444444444443,h,h2,1,0.0,0.0,0.0,0.0,-0.28654803791687206,0.8,0.0,0.7,1.7999999999999998
16,K,3,0.4,4,5,0.3911111111111111,0.06666666666666668,p,p2,3,-0.2,0.2,0.4,0.6000000000000001,0.08818940488390813,0.0,0.0,0.06666666666666668,-3.9
17,V,3,0.4,4,5,0.3911111111111111,0.06666666666666668,p,p2,3,-0.2,0.2,0.4,0.6000000000000001,0.08818940488390813,0.0,0.0,0.9666666666666666,4.199999999999999
18,E,3,0.4,4,5,0.3911111111111111,0.06666666666666668,p,p2,3,-0.2,0.2,0.4,0.6000000000000001,0.08818940488390813,0.0,0.0,0.1111111111111111,-3.5
19,A,3,0.4,4,5,0.3911111111111111,0.06666666666666668,p,p2,3,-0.2,0.2,0.4,0.6000000000000001,0.08818940488390813,0.0,0.0,0.7,1.7999999999999998
20,D,3,0.4,4,5,0.3911111111111111,0.06666666666666668,p,p2,3,-0.2,0.2,0.4,0.6000000000000001,0.08818940488390813,0.0,0.0,0.1111111111111111,-3.5
21,V,3,0.4,4,4,0.5666666666666667,0.14444444444444443,h,h3a,1,0.0,0.0,0.0,0.0,-0.14462601298541464,0.52,0.0,0.9666666666666666,4.199999999999999
22,A,3,0.4,4,4,0.5666666666666667,0.14444444444444443,h,h3a,1,0.0,0.0,0.0,0.0,-0.14462601298541464,0.52,0.0,0.7,1.7999999999999998
23,G,3,0.4,4,4,0.5666666666666667,0.14444444444444443,h,h3a,1,0.0,0.0,0.0,0.0,-0.14462601298541464,0.52,0.0,0.4555555555555555,-0.40000000000000036
24,H,3,0.4,4,4,0.5666666666666667,0.14444444444444443,h,h3a,1,0.0,0.0,0.0,0.0,-0.14462601298541464,0.52,0.0,0.14444444444444443,-3.2
25,G,3,0.4,4,3,0.2259259259259259,0.1111111111111111,s,s1,2,-0.3333333333333333,0.0,0.3333333333333333,0.3333333333333333,0.2887151370380623,0.0,0.0,0.4555555555555555,-0.40000000000000036
26,Q,3,0.4,4,3,0.2259259259259259,0.1111111111111111,s,s1,2,-0.3333333333333333,0.0,0.3333333333333333,0.3333333333333333,0.2887151370380623,0.0,0.0,0.1111111111111111,-3.5
27,D,3,0.4,4,3,0.2259259259259259,0.1111111111111111,s,s1,2,-0.3333333333333333,0.0,0.3333333333333333,0.3333333333333333,0.2887151370380623,0.0,0.0,0.1111111111111111,-3.5
28,I,3,0.4,4,8,0.6416666666666667,0.0,h,h3b,2,0.25,0.25,0.0,0.25,-0.13072816827808068,0.0,0.0,1.0,4.5
29,L,3,0.4,4,8,0.6416666666666667,0.0,h,h3b,2,0.25,0.25,0.0,0.25,-0.13072816827808068,0.0,0.0,0.9222222222222223,3.8000000000000007
30,I,3,0.4,4,8,0.6416666666666667,0.0,h,h3b,2,0.25,0.25,0.0,0.25,-0.13072816827808068,0.0,0.0,1.0,4.5
31,R,3,0.4,4,8,0.6416666666666667,0.0,h,h3b,2,0.25,0.25,0.0,0.25,-0.13072816827808068,0.0,0.0,0.0,-4.5
32,L,3,0.4,4,8,0.6416666666666667,0.0,h,h3b,2,0.25,0.25,0.0,0.25,-0.13072816827808068,0.0,0.0,0.9222222222222223,3.8000000000000007
33,F,3,0.4,4,8,0.6416666666666667,0.0,h,h3b,2,0.25,0.25,0.0,0.25,-0.13072816827808068,0.0,0.0,0.8111111111111111,2.8
34,K,3,0.4,4,8,0.6416666666666667,0.0,h,h3b,2,0.25,0.25,0.0,0.25,-0.13072816827808068,0.0,0.0,0.06666666666666668,-3.9
35,S,3,0.4,4,8,0.6416666666666667,0.0,h,h3b,2,0.25,0.25,0.0,0.25,-0.13072816827808068,0.0,0.0,0.41111111111111115,-0.7999999999999998
36,H,3,0.4,4,30,0.33814814814814814,0.0,p,p3,3,0.0,0.23333333333333334,0.23333333333333334,0.4666666666666667,0.07044810128790621,0.0,0.0,0.14444444444444443,-3.2
37,P,3,0.4,4,30,0.33814814814814814,0.0,p,p3,3,0.0,0.23333333333333334,0.23333333333333334,0.4666666666666667,0.07044810128790621,0.0,0.0,0.3222222222222222,-1.6000000000000005
38,E,3,0.4,4,30,0.33814814814814814,0.0,p,p3,3,0.0,0.23333333333333334,0.23333333333333334,0.4666666666666667,0.07044810128790621,0.0,0.0,0.1111111111111111,-3.5
39,T,3,0.4,4,30,0.33814814814814814,0.0,p,p3,3,0.0,0.23333333333333334,0.23333333333333334,0.4666666666666667,0.07044810128790621,0.0,0.0,0.4222222222222222,-0.7000000000000002
40,L,3,0.4,4,30,0.33814814814814814,0.0,p,p3,3,0.0,0.23333333333333334,0.23333333333333334,0.4666666666666667,0.07044810128790621,0.0,0.0,0.9222222222222223,3.8000000000000007
41,E,3,0.4,4,30,0.33814814814814814,0.0,p,p3,3,0.0,0.23333333333333334,0.23333333333333334,0.4666666666666667,0.07044810128790621,0.0,0.0,0.1111111111111111,-3.5
42,K,3,0.4,4,30,0.33814814814814814,0.0,p,p3,3,0.0,0.23333333333333334,0.23333333333333334,0.4666666666666667,0.07044810128790621,0.0,0.0,0.06666666666666668,-3.9
43,F,3,0.4,4,30,0.33814814814814814,0.0,p,p3,3,0.0,0.23333333333333334,0.23333333333333334,0.4666666666666667,0.07044810128790621,0.0,0.0,0.8111111111111111,2.8
44,D,3,0.4,4,30,0.33814814814814814,0.0,p,p3,3,0.0,0.23333333333333334,0.23333333333333334,0.4666666666666667,0.07044810128790621,0.0,0.0,0.1111111111111111,-3.5
45,R,3,0.4,4,30,0.33814814814814814,0.0,p,p3,3,0.0,0.23333333333333334,0.23333333333333334,0.4666666666666667,0.07044810128790621,0.0,0.0,0.0,-4.5
46,F,3,0.4,4,30,0.33814814814814814,0.0,p,p3,3,0.0,0.23333333333333334,0.23333333333333334,0.4666666666666667,0.07044810128790621,0.0,0.0,0.8111111111111111,2.8
47,K,3,0.4,4,30,0.33814814814814814,0.0,p,p3,3,0.0,0.23333333333333334,0.23333333333333334,0.4666666666666667,0.07044810128790621,0.0,0.0,0.06666666666666668,-3.9
48,H,3,0.4,4,30,0.33814814814814814,0.0,p,p3,3,0.0,0.23333333333333334,0.23333333333333334,0.4666666666666667,0.07044810128790621,0.0,0.0,0.14444444444444443,-3.2
49,L,3,0.4,4,30,0.33814814814814814,0.0,p,p3,3,0.0,0.23333333333333334,0.23333333333333334,0.4666666666666667,0.07044810128790621,0.0,0.0,0.9222222222222223,3.8000000000000007
50,K,3,0.4,4,30,0.33814814814814814,0.0,p,p3,3,0.0,0.23333333333333334,0.23333333333333334,0.4666666666666667,0.07044810128790621,0.0,0.0,0.06666666666666668,-3.9
51,T,3,0.4,4,30,0.33814814814814814,0.0,p,p3,3,0.0,0.23333333333333334,0.23333333333333334,0.4666666666666667,0.07044810128790621,0.0,0.0,0.4222222222222222,-0.7000000000000002
52,E,3,0.4,4,30,0.33814814814814814,0.0,p,p3,3,0.0,0.23333333333333334,0.23333333333333334,0.4666666666666667,0.07044810128790621,0.0,0.0,0.1111111111111111,-3.5
53,A,3,0.4,4,30,0.33814814814814814,0.0,p,p3,3,0.0,0.23333333333333334,0.23333333333333334,0.4666666666666667,0.07044810128790621,0.0,0.0,0.7,1.7999999999999998
54,E,3,0.4,4,30,0.33814814814814814,0.0,p,p3,3,0.0,0.23333333333333334,0.23333333333333334,0.4666666666666667,0.07044810128790621,0.0,0.0,0.1111111111111111,-3.5
55,M,3,0.4,4,30,0.33814814814814814,0.0,p,p3,3,0.0,0.23333333333333334,0.23333333333333334,0.4666666666666667,0.07044810128790621,0.0,0.0,0.7111111111111111,1.9000000000000004
56,K,3,0.4,4,30,0.33814814814814814,0.0,p,p3,3,0.0,0.23333333333333334,0.23333333333333334,0.4666666666666667,0.07044810128790621,0.0,0.0,0.06666666666666668,-3.9
57,A,3,0.4,4,30,0.33814814814814814,0.0,p,p3,3,0.0,0.23333333333333334,0.23333333333333334,0.4666666666666667,0.07044810128790621,0.0,0.0,0.7,1.7999999999999998
58,S,3,0.4,4,30,0.33814814814814814,0.0,p,p3,3,0.0,0.23333333333333334,0.23333333333333334,0.4666666666666667,0.07044810128790621,0.0,0.0,0.41111111111111115,-0.7999999999999998
59,E,3,0.4,4,30,0.33814814814814814,0.0,p,p3,3,0.0,0.23333333333333334,0.23333333333333334,0.4666666666666667,0.07044810128790621,0.0,0.0,0.1111111111111111,-3.5
60,D,3,0.4,4,30,0.33814814814814814,0.0,p,p3,3,0.0,0.23333333333333334,0.23333333333333334,0.4666666666666667,0.07044810128790621,0.0,0.0,0.1111111111111111,-3.5
61,L,3,0.4,4,30,0.33814814814814814,0.0,p,p3,3,0.0,0.23333333333333334,0.23333333333333334,0.4666666666666667,0.07044810128790621,0.0,0.0,0.9222222222222223,3.8000000000000007
62,K,3,0.4,4,30,0.33814814814814814,0.0,p,p3,3,0.0,0.23333333333333334,0.23333333333333334,0.4666666666666667,0.07044810128790621,0.0,0.0,0.06666666666666668,-3.9
63,K,3,0.4,4,30,0.33814814814814814,0.0,p,p3,3,0.0,0.23333333333333334,0.23333333333333334,0.4666666666666667,0.07044810128790621,0.0,0.0,0.06666666666666668,-3.9
64,H,3,0.4,4,30,0.33814814814814814,0.0,p,p3,3,0.0,0.23333333333333334,0.23333333333333334,0.4666666666666667,0.07044810128790621,0.0,0.0,0.14444444444444443,-3.2
65,G,3,0.4,4,30,0.33814814814814814,0.0,p,p3,3,0.0,0.23333333333333334,0.23333333333333334,0.4666666666666667,0.07044810128790621,0.0,0.0,0.4555555555555555,-0.40000000000000036
66,V,3,0.4,4,12,0.7055555555555556,0.06666666666666668,h,h4,1,0.08333333333333333,0.08333333333333333,0.0,0.08333333333333333,-0.2471818748075181,0.59,0.0,0.9666666666666666,4.199999999999999
67,T,3,0.4,4,12,0.7055555555555556,0.06666666666666668,h,h4,1,0.08333333333333333,0.08333333333333333,0.0,0.08333333333333333,-0.2471818748075181,0.59,0.0,0.4222222222222222,-0.7000000000000002
68,V,3,0.4,4,12,0.7055555555555556,0.06666666666666668,h,h4,1,0.08333333333333333,0.08333333333333333,0.0,0.08333333333333333,-0.2471818748075181,0.59,0.0,0.9666666666666666,4.199999999999999
69,L,3,0.4,4,12,0.7055555555555556,0.06666666666666668,h,h4,1,0.08333333333333333,0.08333333333333333,0.0,0.08333333333333333,-0.2471818748075181,0.59,0.0,0.9222222222222223,3.8000000000000007
70,T,3,0.4,4,12,0.7055555555555556,0.06666666666666668,h,h4,1,0.08333333333333333,0.08333333333333333,0.0,0.08333333333333333,-0.2471818748075181,0.59,0.0,0.4222222222222222,-0.7000000000000002
71,A,3,0.4,4,12,0.7055555555555556,0.06666666666666668,h,h4,1,0.08333333333333333,0.08333333333333333,0.0,0.08333333333333333,-0.2471818748075181,0.59,0.0,0.7,1.7999999999999998
72,L,3,0.4,4,12,0.7055555555555556,0.06666666666666668,h,h4,1,0.08333333333333333,0.08333333333333333,0.0,0.08333333333333333,-0.2471818748075181,0.59,0.0,0.9222222222222223,3.8000000000000007
73,G,3,0.4,4,12,0.7055555555555556,0.06666666666666668,h,h4,1,0.08333333333333333,0.08333333333333333,0.0,0.08333333333333333,-0.2471818748075181,0.59,0.0,0.4555555555555555,-0.40000000000000036
74,A,3,0.4,4,12,0.7055555555555556,0.06666666666666668,h,h4,1,0.08333333333333333,0.08333333333333333,0.0,0.08333333333333333,-0.2471818748075181,0.59,0.0,0.7,1.7999999999999998
75,I,3,0.4,4,12,0.7055555555555556,0.06666666666666668,h,h4,1,0.08333333333333333,0.08333333333333333,0.0,0.08333333333333333,-0.2471818748075181,0.59,0.0,1.0,4.5
76,L,3,0.4,4,12,0.7055555555555556,0.06666666666666668,h,h4,1,0.08333333333333333,0.08333333333333333,0.0,0.08333333333333333,-0.2471818748075181,0.59,0.0,0.9222222222222223,3.8000000000000007
77,K,3,0.4,4,12,0.7055555555555556,0.06666666666666668,h,h4,1,0.08333333333333333,0.08333333333333333,0.0,0.08333333333333333,-0.2471818748075181,0.59,0.0,0.06666666666666668,-3.9
78,K,3,0.4,4,10,0.27888888888888885,0.06666666666666668,p,p4,3,0.1,0.3,0.2,0.5,0.16001511848991656,0.0,0.0,0.06666666666666668,-3.9
79,K,3,0.4,4,10,0.27888888888888885,0.06666666666666668,p,p4,3,0.1,0.3,0.2,0.5,0.16001511848991656,0.0,0.0,0.06666666666666668,-3.9
80,G,3,0.4,4,10,0.27888888888888885,0.06666666666666668,p,p4,3,0.1,0.3,0.2,0.5,0.16001511848991656,0.0,0.0,0.4555555555555555,-0.40000000000000036
81,H,3,0.4,4,10,0.27888888888888885,0.06666666666666668,p,p4,3,0.1,0.3,0.2,0.5,0.16001511848991656,0.0,0.0,0.14444444444444443,-3.2
82,H,3,0.4,4,10,0.27888888888888885,0.06666666666666668,p,p4,3,0.1,0.3,0.2,0.5,0.16001511848991656,0.0,0.0,0.14444444444444443,-3.2
83,E,3,0.4,4,10,0.27888888888888885,0.06666666666666668,p,p4,3,0.1,0.3,0.2,0.5,0.16001511848991656,0.0,0.0,0.1111111111111111,-3.5
84,A,3,0.4,4,10,0.27888888888888885,0.06666666666666668,p,p4,3,0.1,0.3,0.2,0.5,0.16001511848991656,0.0,0.0,0.7,1.7999999999999998
85,E,3,0.4,4,10,0.27888888888888885,0.06666666666666668,p,p4,3,0.1,0.3,0.2,0.5,0.16001511848991656,0.0,0.0,0.1111111111111111,-3.5
86,L,3,0.4,4,10,0.27888888888888885,0.06666666666666668,p,p4,3,0.1,0.3,0.2,0.5,0.16001511848991656,0.0,0.0,0.9222222222222223,3.8000000000000007
87,K,3,0.4,4,10,0.27888888888888885,0.06666666666666668,p,p4,3,0.1,0.3,0.2,0.5,0.16001511848991656,0.0,0.0,0.06666666666666668,-3.9
88,P,3,0.4,4,5,0.49333333333333335,0.1111111111111111,h,h5,1,0.0,0.0,0.0,0.0,-0.07560709138716906,0.44,0.0,0.3222222222222222,-1.6000000000000005
89,L,3,0.4,4,5,0.49333333333333335,0.1111111111111111,h,h5,1,0.0,0.0,0.0,0.0,-0.07560709138716906,0.44,0.0,0.9222222222222223,3.8000000000000007
90,A,3,0.4,4,5,0.49333333333333335,0.1111111111111111,h,h5,1,0.0,0.0,0.0,0.0,-0.07560709138716906,0.44,0.0,0.7,1.7999999999999998
91,Q,3,0.4,4,5,0.49333333333333335,0.1111111111111111,h,h5,1,0.0,0.0,0.0,0.0,-0.07560709138716906,0.44,0.0,0.1111111111111111,-3.5
92,S,3,0.4,4,5,0.49333333333333335,0.1111111111111111,h,h5,1,0.0,0.0,0.0,0.0,-0.07560709138716906,0.44,0.0,0.41111111111111115,-0.7999999999999998
93,H,3,0.4,4,6,0.25740740740740736,0.06666666666666668,p,p5,2,0.3333333333333333,0.3333333333333333,0.0,0.3333333333333333,0.25908580200851244,0.0,0.0,0.14444444444444443,-3.2
94,A,3,0.4,4,6,0.25740740740740736,0.06666666666666668,p,p5,2,0.3333333333333333,0.3333333333333333,0.0,0.3333333333333333,0.25908580200851244,0.0,0.0,0.7,1.7999999999999998
95,T,3,0.4,4,6,0.25740740740740736,0.06666666666666668,p,p5,2,0.3333333333333333,0.3333333333333333,0.0,0.3333333333333333,0.25908580200851244,0.0,0.0,0.4222222222222222,-0.7000000000000002
96,K,3,0.4,4,6,0.25740740740740736,0.06666666666666668,p,p5,2,0.3333333333333333,0.3333333333333333,0.0,0.3333333333333333,0.25908580200851244,0.0,0.0,0.06666666666666668,-3.9
97,H,3,0.4,4,6,0.25740740740740736,0.06666666666666668,p,p5,2,0.3333333333333333,0.3333333333333333,0.0,0.3333333333333333,0.25908580200851244,0.0,0.0,0.14444444444444443,-3.2
98,K,3,0.4,4,6,0.25740740740740736,0.06666666666666668,p,p5,2,0.3333333333333333,0.3333333333333333,0.0,0.3333333333333333,0.25908580200851244,0.0,0.0,0.06666666666666668,-3.9
99,I,3,0.4,4,19,0.6,0.06666666666666668,h,h6,1,-0.05263157894736842,0.05263157894736842,0.10526315789473684,0.15789473684210525,-0.15821185467340304,1.15,0.0,1.0,4.5
100,P,3,0.4,4,19,0.6,0.06666666666666668,h,h6,1,-0.05263157894736842,0.05263157894736842,0.10526315789473684,0.15789473684210525,-0.15821185467340304,1.15,0.0,0.3222222222222222,-1.6000000000000005
101,I,3,0.4,4,19,0.6,0.06666666666666668,h,h6,1,-0.05263157894736842,0.05263157894736842,0.10526315789473684,0.15789473684210525,-0.15821185467340304,1.15,0.0,1.0,4.5
102,K,3,0.4,4,19,0.6,0.06666666666666668,h,h6,1,-0.05263157894736842,0.05263157894736842,0.10526315789473684,0.15789473684210525,-0.15821185467340304,1.15,0.0,0.06666666666666668,-3.9
103,Y,3,0.4,4,19,0.6,0.06666666666666668,h,h6,1,-0.05263157894736842,0.05263157894736842,0.10526315789473684,0.15789473684210525,-0.15821185467340304,1.15,0.0,0.35555555555555557,-1.2999999999999998
104,L,3,0.4,4,19,0.6,0.06666666666666668,h,h6,1,-0.05263157894736842,0.05263157894736842,0.10526315789473684,0.15789473684210525,-0.15821185467340304,1.15,0.0,0.9222222222222223,3.8000000000000007
105,E,3,0.4,4,19,0.6,0.06666666666666668,h,h6,1,-0.05263157894736842,0.05263157894736842,0.10526315789473684,0.15789473684210525,-0.15821185467340304,1.15,0.0,0.1111111111111111,-3.5
106,F,3,0.4,4,19,0.6,0.06666666666666668,h,h6,1,-0.05263157894736842,0.05263157894736842,0.10526315789473684,0.15789473684210525,-0.15821185467340304,1.15,0.0,0.8111111111111111,2.8
107,I,3,0.4,4,19,0.6,0.06666666666666668,h,h6,1,-0.05263157894736842,0.05263157894736842,0.10526315789473684,0.15789473684210525,-0.15821185467340304,1.15,0.0,1.0,4.5
108,S,3,0.4,4,19,0.6,0.06666666666666668,h,h6,1,-0.05263157894736842,0.05263157894736842,0.10526315789473684,0.15789473684210525,-0.15821185467340304,1.15,0.0,0.41111111111111115,-0.7999999999999998
109,E,3,0.4,4,19,0.6,0.06666666666666668,h,h6,1,-0.05263157894736842,0.05263157894736842,0.10526315789473684,0.15789473684210525,-0.15821185467340304,1.15,0.0,0.1111111111111111,-3.5
110,A,3,0.4,4,19,0.6,0.06666666666666668,h,h6,1,-0.05263157894736842,0.05263157894736842,0.10526315789473684,0.15789473684210525,-0.15821185467340304,1.15,0.0,0.7,1.7999999999999998
111,I,3,0.4,4,19,0.6,0.06666666666666668,h,h6,1,-0.05263157894736842,0.05263157894736842,0.10526315789473684,0.15789473684210525,-0.15821185467340304,1.15,0.0,1.0,4.5
112,I,3,0.4,4,19,0.6,0.06666666666666668,h,h6,1,-0.05263157894736842,0.05263157894736842,0.10526315789473684,0.15789473684210525,-0.15821185467340304,1.15,0.0,1.0,4.5
113,H,3,0.4,4,19,0.6,0.06666666666666668,h,h6,1,-0.05263157894736842,0.05263157894736842,0.10526315789473684,0.15789473684210525,-0.15821185467340304,1.15,0.0,0.14444444444444443,-3.2
114,V,3,0.4,4,19,0.6,0.06666666666666668,h,h6,1,-0.05263157894736842,0.05263157894736842,0.10526315789473684,0.15789473684210525,-0.15821185467340304,1.15,0.0,0.9666666666666666,4.199999999999999
115,L,3,0.4,4,19,0.6,0.06666666666666668,h,h6,1,-0.05263157894736842,0.05263157894736842,0.10526315789473684,0.15789473684210525,-0.15821185467340304,1.15,0.0,0.9222222222222223,3.8000000000000007
116,H,3,0.4,4,19,0.6,0.06666666666666668,h,h6,1,-0.05263157894736842,0.05263157894736842,0.10526315789473684,0.15789473684210525,-0.15821185467340304,1.15,0.0,0.14444444444444443,-3.2
117,S,3,0.4,4,19,0.6,0.06666666666666668,h,h6,1,-0.05263157894736842,0.05263157894736842,0.10526315789473684,0.15789473684210525,-0.15821185467340304,1.15,0.0,0.41111111111111115,-0.7999999999999998
118,R,3,0.4,4,5,0.20666666666666664,0.0,p,p6,3,0.0,0.2,0.2,0.4,0.19419414758779102,0.0,0.0,0.0,-4.5
119,H,3,0.4,4,5,0.20666666666666664,0.0,p,p6,3,0.0,0.2,0.2,0.4,0.19419414758779102,0.0,0.0,0.14444444444444443,-3.2
120,P,3,0.4,4,5,0.20666666666666664,0.0,p,p6,3,0.0,0.2,0.2,0.4,0.19419414758779102,0.0,0.0,0.3222222222222222,-1.6000000000000005
121,G,3,0.4,4,5,0.20666666666666664,0.0,p,p6,3,0.0,0.2,0.2,0.4,0.19419414758779102,0.0,0.0,0.4555555555555555,-0.40000000000000036
122,D,3,0.4,4,5,0.20666666666666664,0.0,p,p6,3,0.0,0.2,0.2,0.4,0.19419414758779102,0.0,0.0,0.1111111111111111,-3.5
123,F,3,0.4,4,5,0.5555555555555556,0.1111111111111111,h,h7,1,-0.2,0.0,0.2,0.2,-0.06658029809397599,0.44,0.0,0.8111111111111111,2.8
124,G,3,0.4,4,5,0.5555555555555556,0.1111111111111111,h,h7,1,-0.2,0.0,0.2,0.2,-0.06658029809397599,0.44,0.0,0.4555555555555555,-0.40000000000000036
125,A,3,0.4,4,5,0.5555555555555556,0.1111111111111111,h,h7,1,-0.2,0.0,0.2,0.2,-0.06658029809397599,0.44,0.0,0.7,1.7999999999999998
126,D,3,0.4,4,5,0.5555555555555556,0.1111111111111111,h,h7,1,-0.2,0.0,0.2,0.2,-0.06658029809397599,0.44,0.0,0.1111111111111111,-3.5
127,A,3,0.4,4,5,0.5555555555555556,0.1111111111111111,h,h7,1,-0.2,0.0,0.2,0.2,-0.06658029809397599,0.44,0.0,0.7,1.7999999999999998
128,Q,3,0.4,4,7,0.3174603174603175,0.06666666666666668,p,p7,2,0.2857142857142857,0.2857142857142857,0.0,0.2857142857142857,0.18647352506170772,0.0,0.0,0.1111111111111111,-3.5
129,G,3,0.4,4,7,0.3174603174603175,0.06666666666666668,p,p7,2,0.2857142857142857,0.2857142857142857,0.0,0.2857142857142857,0.18647352506170772,0.0,0.0,0.4555555555555555,-0.40000000000000036
130,K,3,0.4,4,7,0.3174603174603175,0.06666666666666668,p,p7,2,0.2857142857142857,0.2857142857142857,0.0,0.2857142857142857,0.18647352506170772,0.0,0.0,0.06666666666666668,-3.9
131,M,3,0.4,4,7,0.3174603174603175,0.06666666666666668,p,p7,2,0.2857142857142857,0.2857142857142857,0.0,0.2857142857142857,0.18647352506170772,0.0,0.0,0.7111111111111111,1.9000000000000004
132,N,3,0.4,4,7,0.3174603174603175,0.06666666666666668,p,p7,2,0.2857142857142857,0.2857142857142857,0.0,0.2857142857142857,0.18647352506170772,0.0,0.0,0.1111111111111111,-3.5
133,K,3,0.4,4,7,0.3174603174603175,0.06666666666666668,p,p7,2,0.2857142857142857,0.2857142857142857,0.0,0.2857142857142857,0.18647352506170772,0.0,0.0,0.06666666666666668,-3.9
134,A,3,0.4,4,7,0.3174603174603175,0.06666666666666668,p,p7,2,0.2857142857142857,0.2857142857142857,0.0,0.2857142857142857,0.18647352506170772,0.0,0.0,0.7,1.7999999999999998
135,L,3,0.4,4,5,0.5533333333333333,0.0,h,h8,3,0.0,0.2,0.2,0.4,-0.13207711814937,0.0,0.0,0.9222222222222223,3.8000000000000007
136,E,3,0.4,4,5,0.5533333333333333,0.0,h,h8,3,0.0,0.2,0.2,0.4,-0.13207711814937,0.0,0.0,0.1111111111111111,-3.5
137,L,3,0.4,4,5,0.5533333333333333,0.0,h,h8,3,0.0,0.2,0.2,0.4,-0.13207711814937,0.0,0.0,0.9222222222222223,3.8000000000000007
138,F,3,0.4,4,5,0.5533333333333333,0.0,h,h8,3,0.0,0.2,0.2,0.4,-0.13207711814937,0.0,0.0,0.8111111111111111,2.8
139,R,3,0.4,4,5,0.5533333333333333,0.0,h,h8,3,0.0,0.2,0.2,0.4,-0.13207711814937,0.0,0.0,0.0,-4.5
140,K,3,0.4,4,14,0.39126984126984127,0.06666666666666668,p,p8,3,0.07142857142857142,0.21428571428571427,0.14285714285714285,0.3571428571428571,0.044590390224958976,0.0,0.0,0.06666666666666668,-3.9
141,D,3,0.4,4,14,0.39126984126984127,0.06666666666666668,p,p8,3,0.07142857142857142,0.21428571428571427,0.14285714285714285,0.3571428571428571,0.044590390224958976,0.0,0.0,0.1111111111111111,-3.5
142,I,3,0.4,4,14,0.39126984126984127,0.06666666666666668,p,p8,3,0.07142857142857142,0.21428571428571427,0.14285714285714285,0.3571428571428571,0.044590390224958976,0.0,0.0,1.0,4.5
143,A,3,0.4,4,14,0.39126984126984127,0.06666666666666668,p,p8,3,0.07142857142857142,0.21428571428571427,0.14285714285714285,0.3571428571428571,0.044590390224958976,0.0,0.0,0.7,1.7999999999999998
144,A,3,0.4,4,14,0.39126984126984127,0.06666666666666668,p,p8,3,0.07142857142857142,0.21428571428571427,0.14285714285714285,0.3571428571428571,0.044590390224958976,0.0,0.0,0.7,1.7999999999999998
145,K,3,0.4,4,14,0.39126984126984127,0.06666666666666668,p,p8,3,0.07142857142857142,0.21428571428571427,0.14285714285714285,0.3571428571428571,0.044590390224958976,0.0,0.0,0.06666666666666668,-3.9
146,Y,3,0.4,4,14,0.39126984126984127,0.06666666666666668,p,p8,3,0.07142857142857142,0.21428571428571427,0.14285714285714285,0.3571428571428571,0.044590390224958976,0.0,0.0,0.35555555555555557,-1.2999999999999998
147,K,3,0.4,4,14,0.39126984126984127,0.06666666666666668,p,p8,3,0.07142857142857142,0.21428571428571427,0.14285714285714285,0.3571428571428571,0.044590390224958976,0.0,0.0,0.06666666666666668,-3.9
148,E,3,0.4,4,14,0.39126984126984127,0.06666666666666668,p,p8,3,0.07142857142857142,0.21428571428571427,0.14285714285714285,0.3571428571428571,0.044590390224958976,0.0,0.0,0.1111111111111111,-3.5
149,L,3,0.4,4,14,0.39126984126984127,0.06666666666666668,p,p8,3,0.07142857142857142,0.21428571428571427,0.14285714285714285,0.3571428571428571,0.044590390224958976,0.0,0.0,0.9222222222222223,3.8000000000000007
150,G,3,0.4,4,14,0.39126984126984127,0.06666666666666668,p,p8,3,0.07142857142857142,0.21428571428571427,0.14285714285714285,0.3571428571428571,0.044590390224958976,0.0,0.0,0.4555555555555555,-0.40000000000000036
151,Y,3,0.4,4,14,0.39126984126984127,0.06666666666666668,p,p8,3,0.07142857142857142,0.21428571428571427,0.14285714285714285,0.3571428571428571,0.044590390224958976,0.0,0.0,0.35555555555555557,-1.2999999999999998
152,Q,3,0.4,4,14,0.39126984126984127,0.06666666666666668,p,p8,3,0.07142857142857142,0.21428571428571427,0.14285714285714285,0.3571428571428571,0.044590390224958976,0.0,0.0,0.1111111111111111,-3.5
153,G,3,0.4,4,14,0.39126984126984127,0.06666666666666668,p,p8,3,0.07142857142857142,0.21428571428571427,0.14285714285714285,0.3571428571428571,0.044590390224958976,0.0,0.0,0.4555555555555555,-0.40000000000000036
